detected,time
1,07/11/23-17:23:37
1,07/12/23-17:23:42
1,07/13/23-17:23:48
1,07/13/23-17:23:48
1,07/15/23-17:27:30
1,07/15/23-17:27:36
1,07/18/23-17:27:41
1,07/14/23-17:27:47
1,07/18/23-17:30:04
1,07/18/23-17:33:33
1,07/18/23-17:33:38
1,07/18/23-17:33:43
1,07/18/23-17:33:49
1,07/18/23-17:33:55
1,07/18/23-17:34:00
1,07/18/23-17:34:05
1,07/18/23-17:34:11
1,07/18/23-17:34:17
1,07/18/23-17:34:22
1,07/18/23-17:34:28
1,07/18/23-17:34:34
1,07/18/23-17:34:39
1,07/18/23-17:34:45
1,07/18/23-17:34:50
1,07/18/23-17:34:56
1,07/18/23-17:35:02
1,07/18/23-17:35:08
1,07/18/23-17:35:14
1,07/18/23-17:35:19
1,07/18/23-17:35:24
1,07/18/23-17:35:30
1,07/18/23-17:35:35
1,07/18/23-17:35:41
1,07/18/23-17:35:47
1,07/18/23-17:35:53
1,07/18/23-17:35:59
1,07/18/23-17:36:05
1,07/18/23-17:36:10
1,07/18/23-17:36:15
1,07/18/23-17:36:20
1,07/18/23-17:36:25
1,07/18/23-17:36:30
1,07/18/23-17:36:36
1,07/18/23-17:36:42
1,07/18/23-17:36:48
1,07/18/23-17:36:53
1,07/18/23-17:36:58
1,07/18/23-17:37:04
1,07/18/23-17:37:09
1,07/18/23-17:37:15
1,07/18/23-17:37:20
